"Agent","Total chats","% of all chats","Satisfaction","First response time","Accepting time","Not accepting time","Logged in time","Chats/hour","Chats limit"
"l.groesdonk@techbuyer.com","0","0","","","0","0","0","0","6"
"j.eckford@techbuyer.com","0","0","","","0","5.75","5.75","0","6"
"m.burch@techbuyer.com","0","0","","","0.03","59.96","59.99","0","6"
"m.domingo@techbuyer.com","11","0.12","1","63","30.94","11.76","42.7","0.4","6"
"t.skinner@techbuyer.com","0","0","","","0","0","0","0","6"
"c.sweetsir@techbuyer.com","4","0.04","0","117","37.1","8.23","45.32","0.1","4"
"c.pooley@techbuyer.com","0","0","","","0","0.32","0.32","0","6"
"j.keane@techbuyer.com","1","0.01","","2","1.1","0","1.1","1","6"
"r.dunn@techbuyer.com","7","0.08","","77","24.36","4.87","29.23","0.3","6"
"a.seater@techbuyer.com","0","0","","","0","0","0","0","2"
"c.towers@techbuyer.com","0","0","","","0","0","0","0","6"
"s.zealand@techbuyer.com","0","0","","","0","0","0","0","6"
"f.sinatra@techbuyer.com","0","0","","","0","0","0","0","4"
"a.riemenschneider@techbuyer.com","0","0","","","0","0","0","0","6"
"s.guerrier@techbuyer.com","0","0","","","0","0","0","0","6"
"a.alfadhli@techbuyer.com","7","0.08","","56","12.02","6.67","18.69","0.6","6"
"w.ordelman@techbuyer.com","1","0.01","","","2.32","0.12","2.43","0.5","6"
"a.reihl@techbuyer.com","0","0","","","0","0","0","0","6"
"a.hinkle@techbuyer.com","9","0.1","1","70","30.56","54.12","84.68","0.3","6"
"k.fisher@techbuyer.com","0","0","","","0","0","0","0","6"
"l.verni@techbuyer.com","19","0.21","1","22","25.09","11.67","36.77","0.8","6"
"k.otsubo@techbuyer.com","0","0","","","0","0","0","0","6"
"l.sinatra@techbuyer.com","1","0.01","","","25.81","61.36","87.16","0","6"
"l.dickinson@techbuyer.com","0","0","","","0","0","0","0","6"
"a.vu@techbuyer.com","11","0.12","0.75","41","36.73","7.25","43.98","0.3","6"
"c.poshusta@techbuyer.com","11","0.12","1","55","32.38","4.26","36.65","0.3","6"
"r.codere@techbuyer.com","0","0","","","0","0","0","0","6"
"e.puddephatt@techbuyer.com","0","0","","","0","0","0","0","6"
"m.lowe@techbuyer.com","0","0","","","0","0.03","0.03","0","6"
"k.towers@techbuyer.com","0","0","","","0","0","0","0","6"
"c.mansworth@techbuyer.com","0","0","","","0","17.33","17.33","0","6"
"n.sinatra@techbuyer.com","0","0","","","0","0","0","0","4"
"n.brooks@techbuyer.com","0","0","","","0","0","0","0","6"
"d.cottrill@techbuyer.com","0","0","","","0","0","0","0","6"
"c.lawrence@techbuyer.com","0","0","","","0","0","0","0","6"
"v.canard@techbuyer.com","0","0","","","0","0","0","0","6"
"m.johnson@techbuyer.com","25","0.27","1","44","32.87","14.09","46.96","0.8","6"
"d.hewitt@techbuyer.com","0","0","","","0","1.46","1.46","0","6"